Loan_ID,Dependents,ApplicantIncome,CoapplicantIncome,LoanAmount,LoanAmountTerm,Gender_Male,Married_Yes,Education_Not_Graduate,SelfEmployed_Yes,PropertyArea_Semiurban,PropertyArea_Urban,LoanStatus_Y
1003.0,1.0,4583.0,1508.0,128.0,360.0,1.0,1.0,0.0,0.0,0.0,0.0,0.0
1005.0,0.0,3000.0,0.0,66.0,360.0,1.0,1.0,0.0,1.0,0.0,1.0,1.0
1006.0,0.0,2583.0,2358.0,120.0,360.0,1.0,1.0,1.0,0.0,0.0,1.0,1.0
1008.0,0.0,6000.0,0.0,141.0,360.0,1.0,0.0,0.0,0.0,0.0,1.0,1.0
1011.0,2.0,5417.0,4196.0,267.0,360.0,1.0,1.0,0.0,1.0,0.0,1.0,1.0
1013.0,0.0,2333.0,1516.0,95.0,360.0,1.0,1.0,1.0,0.0,0.0,1.0,1.0
1014.0,3.0,3036.0,2504.0,158.0,360.0,1.0,1.0,0.0,0.0,1.0,0.0,0.0
1018.0,2.0,4006.0,1526.0,168.0,360.0,1.0,1.0,0.0,0.0,0.0,1.0,1.0
1020.0,1.0,12841.0,10968.0,349.0,360.0,1.0,1.0,0.0,0.0,1.0,0.0,0.0
1024.0,2.0,3200.0,700.0,70.0,360.0,1.0,1.0,0.0,0.0,0.0,1.0,1.0
1027.0,2.0,2500.0,1840.0,109.0,360.0,1.0,1.0,0.0,0.0,0.0,1.0,1.0
1028.0,2.0,3073.0,8106.0,200.0,360.0,1.0,1.0,0.0,0.0,0.0,1.0,1.0
1029.0,0.0,1853.0,2840.0,114.0,360.0,1.0,0.0,0.0,0.0,0.0,0.0,0.0
1030.0,2.0,1299.0,1086.0,17.0,120.0,1.0,1.0,0.0,0.0,0.0,1.0,1.0
1032.0,0.0,4950.0,0.0,125.0,360.0,1.0,0.0,0.0,0.0,0.0,1.0,1.0
1034.0,1.0,3596.0,0.0,100.0,240.0,1.0,0.0,1.0,0.0,0.0,1.0,1.0
1036.0,0.0,3510.0,0.0,76.0,360.0,0.0,0.0,0.0,0.0,0.0,1.0,0.0
1038.0,0.0,4887.0,0.0,133.0,360.0,1.0,1.0,1.0,0.0,0.0,0.0,0.0
1041.0,0.0,2600.0,3500.0,115.0,343.06371835353764,1.0,1.0,0.0,0.0,0.0,1.0,1.0
1043.0,0.0,7660.0,0.0,104.0,360.0,1.0,1.0,1.0,0.0,0.0,1.0,0.0
1046.0,1.0,5955.0,5625.0,315.0,360.0,1.0,1.0,0.0,0.0,0.0,1.0,1.0
1047.0,0.0,2600.0,1911.0,116.0,360.0,1.0,1.0,1.0,0.0,1.0,0.0,0.0
1050.0,2.0,3365.0,1917.0,112.0,360.0,0.0,1.0,1.0,0.0,0.0,0.0,0.0
1052.0,1.0,3717.0,2925.0,151.0,360.0,1.0,1.0,0.0,0.0,1.0,0.0,0.0
1066.0,0.0,9560.0,0.0,191.0,360.0,1.0,1.0,0.0,1.0,1.0,0.0,1.0
1068.0,0.0,2799.0,2253.0,122.0,360.0,1.0,1.0,0.0,0.0,1.0,0.0,1.0
1073.0,2.0,4226.0,1040.0,110.0,360.0,1.0,1.0,1.0,0.0,0.0,1.0,1.0
1086.0,0.0,1442.0,0.0,35.0,360.0,1.0,0.0,1.0,0.0,0.0,1.0,0.0
1087.0,2.0,3750.0,2083.0,120.0,360.0,0.0,0.0,0.0,0.0,1.0,0.0,1.0
1091.0,1.0,4166.0,3369.0,201.0,360.0,1.0,1.0,0.0,0.0,0.0,1.0,0.0
1095.0,0.0,3167.0,0.0,74.0,360.0,1.0,0.0,0.0,0.0,0.0,1.0,0.0
1097.0,1.0,4692.0,0.0,106.0,360.0,1.0,0.0,0.0,1.0,0.0,0.0,0.0
1098.0,0.0,3500.0,1667.0,114.0,360.0,1.0,1.0,0.0,0.0,1.0,0.0,1.0
1100.0,3.0,12500.0,3000.0,320.0,360.0,1.0,0.0,0.0,0.0,0.0,0.0,0.0
1109.0,0.0,1828.0,1330.0,100.0,343.06371835353764,1.0,1.0,0.0,0.0,0.0,1.0,0.0
1112.0,0.0,3667.0,1459.0,144.0,360.0,0.0,1.0,0.0,0.0,1.0,0.0,1.0
1114.0,0.0,4166.0,7210.0,184.0,360.0,1.0,0.0,0.0,0.0,0.0,1.0,1.0
1116.0,0.0,3748.0,1668.0,110.0,360.0,1.0,0.0,1.0,0.0,1.0,0.0,1.0
1119.0,0.0,3600.0,0.0,80.0,360.0,1.0,0.0,0.0,0.0,0.0,1.0,0.0
1120.0,0.0,1800.0,1213.0,47.0,360.0,1.0,0.0,0.0,0.0,0.0,1.0,1.0
1123.0,0.0,2400.0,0.0,75.0,360.0,1.0,1.0,0.0,0.0,0.0,1.0,1.0
1131.0,0.0,3941.0,2336.0,134.0,360.0,1.0,1.0,0.0,0.0,1.0,0.0,1.0
1136.0,0.0,4695.0,0.0,96.0,343.06371835353764,1.0,1.0,1.0,1.0,0.0,1.0,1.0
1137.0,0.0,3410.0,0.0,88.0,343.06371835353764,0.0,0.0,0.0,0.0,0.0,1.0,1.0
1138.0,1.0,5649.0,0.0,44.0,360.0,1.0,1.0,0.0,0.0,0.0,1.0,1.0
1144.0,0.0,5821.0,0.0,144.0,360.0,1.0,1.0,0.0,0.0,0.0,1.0,1.0
1146.0,0.0,2645.0,3440.0,120.0,360.0,0.0,1.0,0.0,0.0,0.0,1.0,0.0
1151.0,0.0,4000.0,2275.0,144.0,360.0,0.0,0.0,0.0,0.0,1.0,0.0,1.0
1155.0,0.0,1928.0,1644.0,100.0,360.0,0.0,1.0,1.0,0.0,1.0,0.0,1.0
1157.0,0.0,3086.0,0.0,120.0,360.0,0.0,0.0,0.0,0.0,1.0,0.0,1.0
1164.0,0.0,4230.0,0.0,112.0,360.0,0.0,0.0,0.0,0.0,1.0,0.0,0.0
1179.0,2.0,4616.0,0.0,134.0,360.0,1.0,1.0,0.0,0.0,0.0,1.0,0.0
1186.0,1.0,11500.0,0.0,286.0,360.0,0.0,1.0,0.0,1.0,0.0,1.0,0.0
1194.0,2.0,2708.0,1167.0,97.0,360.0,1.0,1.0,0.0,0.0,1.0,0.0,1.0
1195.0,0.0,2132.0,1591.0,96.0,360.0,1.0,1.0,0.0,0.0,1.0,0.0,1.0
1197.0,0.0,3366.0,2200.0,135.0,360.0,1.0,1.0,0.0,0.0,0.0,0.0,0.0
1198.0,1.0,8080.0,2250.0,180.0,360.0,1.0,1.0,0.0,0.0,0.0,1.0,1.0
1199.0,2.0,3357.0,2859.0,144.0,360.0,1.0,1.0,1.0,0.0,0.0,1.0,1.0
1205.0,0.0,2500.0,3796.0,120.0,360.0,1.0,1.0,0.0,0.0,0.0,1.0,1.0
1206.0,3.0,3029.0,0.0,99.0,360.0,1.0,1.0,0.0,0.0,0.0,1.0,1.0
1207.0,0.0,2609.0,3449.0,165.0,180.0,1.0,1.0,1.0,1.0,0.0,0.0,0.0
1222.0,0.0,4166.0,0.0,116.0,360.0,0.0,0.0,0.0,0.0,1.0,0.0,0.0
1225.0,0.0,5726.0,4595.0,258.0,360.0,1.0,1.0,0.0,0.0,1.0,0.0,0.0
1228.0,0.0,3200.0,2254.0,126.0,180.0,1.0,0.0,1.0,0.0,0.0,1.0,0.0
1233.0,1.0,10750.0,0.0,312.0,360.0,1.0,1.0,0.0,0.0,0.0,1.0,1.0
1238.0,3.0,7100.0,0.0,125.0,60.0,1.0,1.0,1.0,1.0,0.0,1.0,1.0
1241.0,0.0,4300.0,0.0,136.0,360.0,0.0,0.0,0.0,0.0,1.0,0.0,0.0
1243.0,0.0,3208.0,3066.0,172.0,360.0,1.0,1.0,0.0,0.0,0.0,1.0,1.0
1245.0,2.0,1875.0,1875.0,97.0,360.0,1.0,1.0,1.0,1.0,1.0,0.0,1.0
1248.0,0.0,3500.0,0.0,81.0,300.0,1.0,0.0,0.0,0.0,1.0,0.0,1.0
1250.0,3.0,4755.0,0.0,95.0,343.06371835353764,1.0,1.0,1.0,0.0,1.0,0.0,0.0
1253.0,3.0,5266.0,1774.0,187.0,360.0,1.0,1.0,0.0,1.0,1.0,0.0,1.0
1255.0,0.0,3750.0,0.0,113.0,480.0,1.0,0.0,0.0,0.0,0.0,1.0,0.0
1256.0,0.0,3750.0,4750.0,176.0,360.0,1.0,0.0,0.0,0.0,0.0,1.0,0.0
1259.0,1.0,1000.0,3022.0,110.0,360.0,1.0,1.0,0.0,1.0,0.0,1.0,0.0
1263.0,3.0,3167.0,4000.0,180.0,300.0,1.0,1.0,0.0,0.0,1.0,0.0,0.0
1264.0,3.0,3333.0,2166.0,130.0,360.0,1.0,1.0,1.0,1.0,1.0,0.0,1.0
1265.0,0.0,3846.0,0.0,111.0,360.0,0.0,0.0,0.0,0.0,1.0,0.0,1.0
1267.0,2.0,1378.0,1881.0,167.0,360.0,0.0,1.0,0.0,0.0,0.0,1.0,0.0
1273.0,0.0,6000.0,2250.0,265.0,360.0,1.0,1.0,0.0,0.0,1.0,0.0,0.0
1275.0,1.0,3988.0,0.0,50.0,240.0,1.0,1.0,0.0,0.0,0.0,1.0,1.0
1279.0,0.0,2366.0,2531.0,136.0,360.0,1.0,0.0,0.0,0.0,1.0,0.0,1.0
1280.0,2.0,3333.0,2000.0,99.0,360.0,1.0,1.0,1.0,0.0,1.0,0.0,1.0
1282.0,0.0,2500.0,2118.0,104.0,360.0,1.0,1.0,0.0,0.0,1.0,0.0,1.0
1289.0,0.0,8566.0,0.0,210.0,360.0,1.0,0.0,0.0,0.0,0.0,1.0,1.0
1310.0,0.0,5695.0,4167.0,175.0,360.0,1.0,1.0,0.0,0.0,1.0,0.0,1.0
1316.0,0.0,2958.0,2900.0,131.0,360.0,1.0,1.0,0.0,0.0,1.0,0.0,1.0
1318.0,2.0,6250.0,5654.0,188.0,180.0,1.0,1.0,0.0,0.0,1.0,0.0,1.0
1319.0,2.0,3273.0,1820.0,81.0,360.0,1.0,1.0,1.0,0.0,0.0,1.0,1.0
1322.0,0.0,4133.0,0.0,122.0,360.0,1.0,0.0,0.0,0.0,1.0,0.0,1.0
1325.0,0.0,3620.0,0.0,25.0,120.0,1.0,0.0,1.0,0.0,1.0,0.0,1.0
1327.0,0.0,2484.0,2302.0,137.0,360.0,0.0,1.0,0.0,0.0,1.0,0.0,1.0
1333.0,0.0,1977.0,997.0,50.0,360.0,1.0,1.0,0.0,0.0,1.0,0.0,1.0
1334.0,0.0,4188.0,0.0,115.0,180.0,1.0,1.0,1.0,0.0,1.0,0.0,1.0
1343.0,0.0,1759.0,3541.0,131.0,360.0,1.0,1.0,0.0,0.0,1.0,0.0,1.0
1345.0,2.0,4288.0,3263.0,133.0,180.0,1.0,1.0,1.0,0.0,0.0,1.0,1.0
1349.0,0.0,4843.0,3806.0,151.0,360.0,1.0,0.0,0.0,0.0,1.0,0.0,1.0
1357.0,0.7068892921960074,3816.0,754.0,160.0,360.0,1.0,0.0,0.0,0.0,0.0,1.0,1.0
1367.0,1.0,3052.0,1030.0,100.0,360.0,1.0,1.0,0.0,0.0,0.0,1.0,1.0
1369.0,2.0,11417.0,1126.0,225.0,360.0,1.0,1.0,0.0,0.0,0.0,1.0,1.0
1370.0,0.0,7333.0,0.0,120.0,360.0,1.0,0.0,1.0,0.0,0.0,0.0,0.0
1379.0,2.0,3800.0,3600.0,216.0,360.0,1.0,1.0,0.0,0.0,0.0,1.0,0.0
1384.0,3.0,2071.0,754.0,94.0,480.0,1.0,1.0,1.0,0.0,1.0,0.0,1.0
1385.0,0.0,5316.0,0.0,136.0,360.0,1.0,0.0,0.0,0.0,0.0,1.0,1.0
1387.0,0.0,2929.0,2333.0,139.0,360.0,0.0,1.0,0.0,0.0,1.0,0.0,1.0
1391.0,0.0,3572.0,4114.0,152.0,343.06371835353764,1.0,1.0,1.0,0.0,0.0,0.0,0.0
1398.0,0.0,5050.0,0.0,118.0,360.0,1.0,0.0,0.0,0.0,1.0,0.0,1.0
1401.0,1.0,14583.0,0.0,185.0,180.0,1.0,1.0,0.0,0.0,0.0,0.0,1.0
1404.0,0.0,3167.0,2283.0,154.0,360.0,0.0,1.0,0.0,0.0,1.0,0.0,1.0
1405.0,1.0,2214.0,1398.0,85.0,360.0,1.0,1.0,0.0,0.0,0.0,1.0,1.0
1421.0,0.0,5568.0,2142.0,175.0,360.0,1.0,1.0,0.0,0.0,0.0,0.0,0.0
1422.0,0.0,10408.0,0.0,259.0,360.0,0.0,0.0,0.0,0.0,0.0,1.0,1.0
1426.0,0.7068892921960074,5667.0,2667.0,180.0,360.0,1.0,1.0,0.0,0.0,0.0,0.0,1.0
1430.0,0.0,4166.0,0.0,44.0,360.0,0.0,0.0,0.0,0.0,1.0,0.0,1.0
1431.0,0.0,2137.0,8980.0,137.0,360.0,0.0,0.0,0.0,0.0,1.0,0.0,1.0
1432.0,2.0,2957.0,0.0,81.0,360.0,1.0,1.0,0.0,0.0,1.0,0.0,1.0
1439.0,0.0,4300.0,2014.0,194.0,360.0,1.0,1.0,1.0,0.0,0.0,0.0,1.0
1443.0,0.0,3692.0,0.0,93.0,360.0,0.0,0.0,0.0,0.0,0.0,0.0,1.0
1448.0,3.0,23803.0,0.0,370.0,360.0,0.0,1.0,0.0,0.0,0.0,0.0,1.0
1451.0,1.0,10513.0,3850.0,160.0,180.0,1.0,1.0,0.0,1.0,0.0,1.0,0.0
1465.0,0.0,6080.0,2569.0,182.0,360.0,1.0,1.0,0.0,0.0,0.0,0.0,0.0
1469.0,0.0,20166.0,0.0,650.0,480.0,1.0,0.0,0.0,1.0,0.0,1.0,1.0
1473.0,0.0,2014.0,1929.0,74.0,360.0,1.0,0.0,0.0,0.0,0.0,1.0,1.0
1478.0,0.0,2718.0,0.0,70.0,360.0,1.0,0.0,0.0,0.0,1.0,0.0,1.0
1482.0,0.0,3459.0,0.0,25.0,120.0,1.0,1.0,0.0,1.0,1.0,0.0,1.0
1487.0,0.0,4895.0,0.0,102.0,360.0,1.0,0.0,0.0,0.0,1.0,0.0,1.0
1488.0,3.0,4000.0,7750.0,290.0,360.0,1.0,1.0,0.0,0.0,1.0,0.0,0.0
1489.0,0.0,4583.0,0.0,84.0,360.0,0.0,1.0,0.0,0.0,0.0,0.0,0.0
1491.0,2.0,3316.0,3500.0,88.0,360.0,1.0,1.0,0.0,1.0,0.0,1.0,1.0
1492.0,0.0,14999.0,0.0,242.0,360.0,1.0,0.0,0.0,0.0,1.0,0.0,0.0
1493.0,2.0,4200.0,1430.0,129.0,360.0,1.0,1.0,1.0,0.0,0.0,0.0,0.0
1497.0,2.0,5042.0,2083.0,185.0,360.0,1.0,1.0,0.0,0.0,0.0,0.0,0.0
1498.0,0.0,5417.0,0.0,168.0,360.0,1.0,0.0,0.0,0.0,0.0,1.0,1.0
1504.0,0.0,6950.0,0.0,175.0,180.0,1.0,0.0,0.0,1.0,1.0,0.0,1.0
1507.0,0.0,2698.0,2034.0,122.0,360.0,1.0,1.0,0.0,0.0,1.0,0.0,1.0
1508.0,2.0,11757.0,0.0,187.0,180.0,1.0,1.0,0.0,0.0,0.0,1.0,1.0
1514.0,0.0,2330.0,4486.0,100.0,360.0,0.0,1.0,0.0,0.0,1.0,0.0,1.0
1516.0,2.0,14866.0,0.0,70.0,360.0,0.0,1.0,0.0,0.0,0.0,1.0,1.0
1518.0,1.0,1538.0,1425.0,30.0,360.0,1.0,1.0,0.0,0.0,0.0,1.0,1.0
1519.0,0.0,10000.0,1666.0,225.0,360.0,0.0,0.0,0.0,0.0,0.0,0.0,0.0
1520.0,0.0,4860.0,830.0,125.0,360.0,1.0,1.0,0.0,0.0,1.0,0.0,1.0
1528.0,0.0,6277.0,0.0,118.0,360.0,1.0,0.0,0.0,0.0,0.0,0.0,0.0
1529.0,0.0,2577.0,3750.0,152.0,360.0,1.0,1.0,0.0,1.0,0.0,0.0,1.0
1531.0,0.0,9166.0,0.0,244.0,360.0,1.0,0.0,0.0,0.0,0.0,1.0,0.0
1532.0,2.0,2281.0,0.0,113.0,360.0,1.0,1.0,1.0,0.0,0.0,0.0,0.0
1535.0,0.0,3254.0,0.0,50.0,360.0,1.0,0.0,0.0,0.0,0.0,1.0,1.0
1541.0,1.0,6000.0,0.0,160.0,360.0,1.0,1.0,0.0,0.0,0.0,0.0,1.0
1543.0,1.0,9538.0,0.0,187.0,360.0,1.0,1.0,0.0,0.0,0.0,1.0,1.0
1546.0,0.0,2980.0,2083.0,120.0,360.0,1.0,0.0,0.0,0.0,0.0,0.0,1.0
1552.0,0.0,4583.0,5625.0,255.0,360.0,1.0,1.0,0.0,0.0,1.0,0.0,1.0
1560.0,0.0,1863.0,1041.0,98.0,360.0,1.0,1.0,1.0,0.0,1.0,0.0,1.0
1562.0,0.0,7933.0,0.0,275.0,360.0,1.0,1.0,0.0,0.0,0.0,1.0,0.0
1565.0,1.0,3089.0,1280.0,121.0,360.0,1.0,1.0,0.0,0.0,1.0,0.0,0.0
1570.0,2.0,4167.0,1447.0,158.0,360.0,1.0,1.0,0.0,0.0,0.0,0.0,1.0
1572.0,0.0,9323.0,0.0,75.0,180.0,1.0,1.0,0.0,0.0,0.0,1.0,1.0
1574.0,0.0,3707.0,3166.0,182.0,343.06371835353764,1.0,1.0,0.0,0.0,0.0,0.0,1.0
1577.0,0.0,4583.0,0.0,112.0,360.0,0.0,1.0,0.0,0.0,0.0,0.0,0.0
1578.0,0.0,2439.0,3333.0,129.0,360.0,1.0,1.0,0.0,0.0,0.0,0.0,1.0
1579.0,0.0,2237.0,0.0,63.0,480.0,1.0,0.0,0.0,0.0,1.0,0.0,0.0
1580.0,2.0,8000.0,0.0,200.0,360.0,1.0,1.0,0.0,0.0,1.0,0.0,1.0
1581.0,0.0,1820.0,1769.0,95.0,360.0,1.0,1.0,1.0,0.0,0.0,0.0,1.0
1586.0,3.0,3522.0,0.0,81.0,180.0,1.0,1.0,1.0,0.0,0.0,0.0,0.0
1594.0,0.0,5708.0,5625.0,187.0,360.0,1.0,1.0,0.0,0.0,1.0,0.0,1.0
1603.0,0.0,4344.0,736.0,87.0,360.0,1.0,1.0,1.0,1.0,1.0,0.0,0.0
1606.0,0.0,3497.0,1964.0,116.0,360.0,1.0,1.0,0.0,0.0,0.0,0.0,1.0
1608.0,2.0,2045.0,1619.0,101.0,360.0,1.0,1.0,0.0,0.0,0.0,0.0,1.0
1610.0,3.0,5516.0,11300.0,495.0,360.0,1.0,1.0,0.0,0.0,1.0,0.0,0.0
1616.0,1.0,3750.0,0.0,116.0,360.0,1.0,1.0,0.0,0.0,1.0,0.0,1.0
1630.0,0.0,2333.0,1451.0,102.0,480.0,1.0,0.0,1.0,0.0,0.0,1.0,0.0
1633.0,1.0,6400.0,7250.0,180.0,360.0,1.0,1.0,0.0,0.0,0.0,1.0,0.0
1634.0,0.0,1916.0,5063.0,67.0,360.0,1.0,0.0,0.0,0.0,0.0,0.0,0.0
1636.0,0.0,4600.0,0.0,73.0,180.0,1.0,1.0,0.0,0.0,1.0,0.0,1.0
1639.0,0.0,3625.0,0.0,108.0,360.0,0.0,1.0,0.0,0.0,1.0,0.0,1.0
1641.0,1.0,2178.0,0.0,66.0,300.0,1.0,1.0,0.0,1.0,0.0,0.0,0.0
1643.0,0.0,2383.0,2138.0,58.0,360.0,1.0,1.0,0.0,0.0,0.0,0.0,1.0
1644.0,0.0,674.0,5296.0,168.0,360.0,0.0,1.0,0.0,1.0,0.0,0.0,1.0
1647.0,0.0,9328.0,0.0,188.0,180.0,1.0,1.0,0.0,0.0,0.0,0.0,1.0
1653.0,0.0,4885.0,0.0,48.0,360.0,1.0,0.0,1.0,0.0,0.0,0.0,1.0
1656.0,0.0,12000.0,0.0,164.0,360.0,1.0,0.0,0.0,0.0,1.0,0.0,0.0
1657.0,0.0,6033.0,0.0,160.0,360.0,1.0,1.0,1.0,0.0,0.0,1.0,0.0
1658.0,0.0,3858.0,0.0,76.0,360.0,1.0,0.0,0.0,0.0,1.0,0.0,1.0
1664.0,0.0,4191.0,0.0,120.0,360.0,1.0,0.0,0.0,0.0,0.0,0.0,1.0
1665.0,1.0,3125.0,2583.0,170.0,360.0,1.0,1.0,0.0,0.0,1.0,0.0,0.0
1666.0,0.0,8333.0,3750.0,187.0,360.0,1.0,0.0,0.0,0.0,0.0,0.0,1.0
1669.0,0.0,1907.0,2365.0,120.0,343.06371835353764,0.0,0.0,1.0,0.0,0.0,1.0,1.0
1671.0,0.0,3416.0,2816.0,113.0,360.0,0.0,1.0,0.0,0.0,1.0,0.0,1.0
1673.0,0.0,11000.0,0.0,83.0,360.0,1.0,0.0,0.0,1.0,0.0,1.0,0.0
1674.0,1.0,2600.0,2500.0,90.0,360.0,1.0,1.0,1.0,0.0,1.0,0.0,1.0
1677.0,2.0,4923.0,0.0,166.0,360.0,1.0,0.0,0.0,0.0,1.0,0.0,1.0
1688.0,1.0,3500.0,1083.0,135.0,360.0,1.0,1.0,1.0,0.0,0.0,1.0,1.0
1691.0,2.0,3917.0,0.0,124.0,360.0,1.0,1.0,1.0,0.0,1.0,0.0,1.0
1692.0,0.0,4408.0,0.0,120.0,360.0,0.0,0.0,1.0,0.0,1.0,0.0,1.0
1693.0,0.0,3244.0,0.0,80.0,360.0,0.0,0.0,0.0,0.0,0.0,1.0,1.0
1698.0,0.0,3975.0,2531.0,55.0,360.0,1.0,0.0,1.0,0.0,0.0,0.0,1.0
1699.0,0.0,2479.0,0.0,59.0,360.0,1.0,0.0,0.0,0.0,0.0,1.0,1.0
1702.0,0.0,3418.0,0.0,127.0,360.0,1.0,0.0,0.0,0.0,1.0,0.0,0.0
1708.0,0.0,10000.0,0.0,214.0,360.0,0.0,0.0,0.0,0.0,1.0,0.0,0.0
1711.0,3.0,3430.0,1250.0,128.0,360.0,1.0,1.0,0.0,0.0,1.0,0.0,0.0
1713.0,1.0,7787.0,0.0,240.0,360.0,1.0,1.0,0.0,1.0,0.0,1.0,1.0
1715.0,3.0,5703.0,0.0,130.0,360.0,1.0,1.0,1.0,1.0,0.0,0.0,1.0
1716.0,0.0,3173.0,3021.0,137.0,360.0,1.0,1.0,0.0,0.0,0.0,1.0,1.0
1720.0,3.0,3850.0,983.0,100.0,360.0,1.0,1.0,1.0,0.0,1.0,0.0,1.0
1722.0,0.0,150.0,1800.0,135.0,360.0,1.0,1.0,0.0,0.0,0.0,0.0,0.0
1726.0,0.0,3727.0,1775.0,131.0,360.0,1.0,1.0,0.0,0.0,1.0,0.0,1.0
1732.0,2.0,5000.0,0.0,72.0,360.0,1.0,1.0,0.0,0.0,1.0,0.0,0.0
1734.0,2.0,4283.0,2383.0,127.0,360.0,0.0,1.0,0.0,0.0,1.0,0.0,1.0
1736.0,0.0,2221.0,0.0,60.0,360.0,1.0,1.0,0.0,0.0,0.0,1.0,0.0
1743.0,2.0,4009.0,1717.0,116.0,360.0,1.0,1.0,0.0,0.0,1.0,0.0,1.0
1744.0,0.0,2971.0,2791.0,144.0,360.0,1.0,0.0,0.0,0.0,1.0,0.0,1.0
1749.0,0.0,7578.0,1010.0,175.0,339.6851716405902,1.0,1.0,0.0,0.0,1.0,0.0,1.0
1750.0,0.0,6250.0,0.0,128.0,360.0,1.0,1.0,0.0,0.0,1.0,0.0,1.0
1751.0,0.0,3250.0,0.0,170.0,360.0,1.0,1.0,0.0,0.0,0.0,0.0,0.0
1754.0,0.7068892921960074,4735.0,0.0,138.0,360.0,1.0,1.0,1.0,1.0,0.0,1.0,0.0
1758.0,2.0,6250.0,1695.0,210.0,360.0,1.0,1.0,0.0,0.0,1.0,0.0,1.0
1760.0,0.7068892921960074,4758.0,0.0,158.0,480.0,1.0,0.0,0.0,0.0,1.0,0.0,1.0
1761.0,0.0,6400.0,0.0,200.0,360.0,1.0,0.0,0.0,1.0,0.0,0.0,1.0
1765.0,1.0,2491.0,2054.0,104.0,360.0,1.0,1.0,0.0,0.0,1.0,0.0,1.0
1768.0,0.0,3716.0,0.0,42.0,180.0,1.0,1.0,0.0,0.0,0.0,0.0,1.0
1770.0,0.0,3189.0,2598.0,120.0,343.06371835353764,1.0,0.0,1.0,0.0,0.0,0.0,1.0
1776.0,0.0,8333.0,0.0,280.0,360.0,0.0,0.0,0.0,0.0,1.0,0.0,1.0
1778.0,1.0,3155.0,1779.0,140.0,360.0,1.0,1.0,0.0,0.0,1.0,0.0,1.0
1784.0,1.0,5500.0,1260.0,170.0,360.0,1.0,1.0,0.0,0.0,0.0,0.0,1.0
1786.0,0.0,5746.0,0.0,255.0,360.0,1.0,1.0,0.0,0.0,0.0,1.0,0.0
1788.0,0.0,3463.0,0.0,122.0,360.0,0.0,0.0,0.0,1.0,0.0,1.0,1.0
1790.0,1.0,3812.0,0.0,112.0,360.0,0.0,0.0,0.0,0.0,0.0,0.0,1.0
1792.0,1.0,3315.0,0.0,96.0,360.0,1.0,1.0,0.0,0.0,1.0,0.0,1.0
1798.0,2.0,5819.0,5000.0,120.0,360.0,1.0,1.0,0.0,0.0,0.0,0.0,1.0
1800.0,1.0,2510.0,1983.0,140.0,180.0,1.0,1.0,1.0,0.0,0.0,1.0,0.0
1806.0,0.0,2965.0,5701.0,155.0,60.0,1.0,0.0,0.0,0.0,0.0,1.0,1.0
1807.0,2.0,6250.0,1300.0,108.0,360.0,1.0,1.0,0.0,1.0,0.0,0.0,1.0
1811.0,0.0,3406.0,4417.0,123.0,360.0,1.0,1.0,1.0,0.0,1.0,0.0,1.0
1813.0,0.0,6050.0,4333.0,120.0,180.0,1.0,0.0,0.0,1.0,0.0,1.0,0.0
1814.0,2.0,9703.0,0.0,112.0,360.0,1.0,1.0,0.0,0.0,0.0,1.0,1.0
1819.0,1.0,6608.0,0.0,137.0,180.0,1.0,1.0,1.0,0.0,0.0,1.0,1.0
1824.0,1.0,2882.0,1843.0,123.0,480.0,1.0,1.0,0.0,0.0,1.0,0.0,1.0
1825.0,0.0,1809.0,1868.0,90.0,360.0,1.0,1.0,0.0,0.0,0.0,1.0,1.0
1835.0,0.0,1668.0,3890.0,201.0,360.0,1.0,1.0,1.0,0.0,1.0,0.0,0.0
1836.0,2.0,3427.0,0.0,138.0,360.0,0.0,0.0,0.0,0.0,0.0,1.0,0.0
1841.0,0.0,2583.0,2167.0,104.0,360.0,1.0,0.0,1.0,1.0,0.0,0.0,1.0
1843.0,1.0,2661.0,7101.0,279.0,180.0,1.0,1.0,1.0,0.0,1.0,0.0,1.0
1844.0,0.0,16250.0,0.0,192.0,360.0,1.0,0.0,0.0,1.0,0.0,1.0,0.0
1846.0,3.0,3083.0,0.0,255.0,360.0,0.0,0.0,0.0,0.0,0.0,0.0,1.0
1849.0,0.0,6045.0,0.0,115.0,360.0,1.0,0.0,1.0,0.0,0.0,0.0,0.0
1854.0,3.0,5250.0,0.0,94.0,360.0,1.0,1.0,0.0,0.0,0.0,1.0,0.0
1859.0,0.0,14683.0,2100.0,304.0,360.0,1.0,1.0,0.0,0.0,0.0,0.0,0.0
1864.0,3.0,4931.0,0.0,128.0,360.0,1.0,1.0,1.0,0.0,1.0,0.0,0.0
1865.0,1.0,6083.0,4250.0,330.0,360.0,1.0,1.0,0.0,0.0,0.0,1.0,1.0
1868.0,0.0,2060.0,2209.0,134.0,360.0,1.0,0.0,0.0,0.0,1.0,0.0,1.0
1870.0,1.0,3481.0,0.0,155.0,36.0,0.0,0.0,0.0,0.0,1.0,0.0,0.0
1871.0,0.0,7200.0,0.0,120.0,360.0,0.0,0.0,0.0,0.0,0.0,0.0,1.0
1872.0,0.0,5166.0,0.0,128.0,360.0,1.0,0.0,0.0,1.0,1.0,0.0,1.0
1875.0,0.0,4095.0,3447.0,151.0,360.0,1.0,0.0,0.0,0.0,0.0,0.0,1.0
1877.0,2.0,4708.0,1387.0,150.0,360.0,1.0,1.0,0.0,0.0,1.0,0.0,1.0
1882.0,3.0,4333.0,1811.0,160.0,360.0,1.0,1.0,0.0,0.0,0.0,1.0,1.0
1883.0,0.0,3418.0,0.0,135.0,360.0,0.0,0.0,0.0,0.0,0.0,0.0,0.0
1884.0,1.0,2876.0,1560.0,90.0,360.0,0.0,0.0,0.0,0.0,0.0,1.0,1.0
1888.0,0.0,3237.0,0.0,30.0,360.0,0.0,0.0,0.0,0.0,0.0,1.0,1.0
1891.0,0.0,11146.0,0.0,136.0,360.0,1.0,1.0,0.0,0.0,0.0,1.0,1.0
1892.0,0.0,2833.0,1857.0,126.0,360.0,1.0,0.0,0.0,0.0,0.0,0.0,1.0
1894.0,0.0,2620.0,2223.0,150.0,360.0,1.0,1.0,0.0,0.0,1.0,0.0,1.0
1896.0,2.0,3900.0,0.0,90.0,360.0,1.0,1.0,0.0,0.0,1.0,0.0,1.0
1900.0,1.0,2750.0,1842.0,115.0,360.0,1.0,1.0,0.0,0.0,1.0,0.0,1.0
1903.0,0.0,3993.0,3274.0,207.0,360.0,1.0,1.0,0.0,0.0,1.0,0.0,1.0
1904.0,0.0,3103.0,1300.0,80.0,360.0,1.0,1.0,0.0,0.0,0.0,1.0,1.0
1907.0,0.0,14583.0,0.0,436.0,360.0,1.0,1.0,0.0,0.0,1.0,0.0,1.0
1908.0,0.0,4100.0,0.0,124.0,360.0,0.0,1.0,1.0,0.0,0.0,0.0,1.0
1910.0,1.0,4053.0,2426.0,158.0,360.0,1.0,0.0,1.0,1.0,0.0,1.0,0.0
1914.0,0.0,3927.0,800.0,112.0,360.0,1.0,1.0,0.0,0.0,1.0,0.0,1.0
1917.0,0.0,1811.0,1666.0,54.0,360.0,0.0,0.0,0.0,0.0,0.0,1.0,1.0
1924.0,0.0,3158.0,3053.0,89.0,360.0,1.0,0.0,0.0,0.0,0.0,0.0,1.0
1925.0,0.0,2600.0,1717.0,99.0,300.0,0.0,0.0,0.0,1.0,1.0,0.0,0.0
1926.0,0.0,3704.0,2000.0,120.0,360.0,1.0,1.0,0.0,0.0,0.0,0.0,1.0
1931.0,0.0,4124.0,0.0,115.0,360.0,0.0,0.0,0.0,0.0,1.0,0.0,1.0
1935.0,0.0,9508.0,0.0,187.0,360.0,1.0,0.0,0.0,0.0,0.0,0.0,1.0
1936.0,0.0,3075.0,2416.0,139.0,360.0,1.0,1.0,0.0,0.0,0.0,0.0,1.0
1938.0,2.0,4400.0,0.0,127.0,360.0,1.0,1.0,0.0,0.0,1.0,0.0,0.0
1940.0,2.0,3153.0,1560.0,134.0,360.0,1.0,1.0,0.0,0.0,0.0,1.0,1.0
1945.0,0.8782514028829504,5417.0,0.0,143.0,480.0,0.0,0.0,0.0,0.0,0.0,1.0,0.0
1947.0,0.0,2383.0,3334.0,172.0,360.0,1.0,1.0,0.0,0.0,1.0,0.0,1.0
1949.0,3.0,4416.0,1250.0,110.0,360.0,1.0,1.0,0.0,0.0,0.0,1.0,1.0
1953.0,1.0,6875.0,0.0,200.0,360.0,1.0,1.0,0.0,0.0,1.0,0.0,1.0
1954.0,1.0,4666.0,0.0,135.0,360.0,0.0,1.0,0.0,0.0,0.0,1.0,1.0
1955.0,0.0,5000.0,2541.0,151.0,480.0,0.0,0.0,0.0,0.0,0.0,0.0,0.0
1963.0,1.0,2014.0,2925.0,113.0,360.0,1.0,1.0,0.0,0.0,0.0,1.0,0.0
1964.0,0.0,1800.0,2934.0,93.0,360.0,1.0,1.0,1.0,0.0,0.0,1.0,0.0
1972.0,0.7068892921960074,2875.0,1750.0,105.0,360.0,1.0,1.0,1.0,0.0,1.0,0.0,1.0
1974.0,0.0,5000.0,0.0,132.0,360.0,0.0,0.0,0.0,0.0,0.0,0.0,1.0
1977.0,1.0,1625.0,1803.0,96.0,360.0,1.0,1.0,0.0,0.0,0.0,1.0,1.0
1978.0,0.0,4000.0,2500.0,140.0,360.0,1.0,0.0,0.0,0.0,0.0,0.0,1.0
1993.0,0.0,3762.0,1666.0,135.0,360.0,0.0,0.0,0.0,0.0,0.0,0.0,1.0
1994.0,0.0,2400.0,1863.0,104.0,360.0,0.0,0.0,0.0,0.0,0.0,1.0,0.0
1996.0,0.0,20233.0,0.0,480.0,360.0,1.0,0.0,0.0,0.0,0.0,0.0,0.0
1998.0,2.0,7667.0,0.0,185.0,360.0,1.0,1.0,1.0,0.0,0.0,0.0,1.0
2002.0,0.0,2917.0,0.0,84.0,360.0,0.0,0.0,0.0,0.0,1.0,0.0,1.0
2004.0,0.0,2927.0,2405.0,111.0,360.0,1.0,0.0,1.0,0.0,1.0,0.0,1.0
2006.0,0.0,2507.0,0.0,56.0,360.0,0.0,0.0,0.0,0.0,0.0,0.0,1.0
2008.0,2.0,5746.0,0.0,144.0,84.0,1.0,1.0,0.0,1.0,0.0,0.0,1.0
2024.0,0.0,2473.0,1843.0,159.0,360.0,0.0,1.0,0.0,0.0,0.0,0.0,0.0
2031.0,1.0,3399.0,1640.0,111.0,180.0,1.0,1.0,1.0,0.0,0.0,1.0,1.0
2035.0,2.0,3717.0,0.0,120.0,360.0,1.0,1.0,0.0,0.0,1.0,0.0,1.0
2036.0,0.0,2058.0,2134.0,88.0,360.0,1.0,1.0,0.0,0.0,0.0,1.0,1.0
2043.0,1.0,3541.0,0.0,112.0,360.0,0.0,0.0,0.0,0.0,1.0,0.0,1.0
2050.0,1.0,10000.0,0.0,155.0,360.0,1.0,1.0,0.0,1.0,0.0,0.0,0.0
2051.0,0.0,2400.0,2167.0,115.0,360.0,1.0,1.0,0.0,0.0,1.0,0.0,1.0
2053.0,3.0,4342.0,189.0,124.0,360.0,1.0,1.0,0.0,0.0,1.0,0.0,1.0
2055.0,0.0,3166.0,2985.0,132.0,360.0,0.0,0.0,0.0,0.0,0.0,0.0,1.0
2065.0,3.0,15000.0,0.0,300.0,360.0,1.0,1.0,0.0,0.0,0.0,0.0,1.0
2067.0,1.0,8666.0,4983.0,376.0,360.0,1.0,1.0,0.0,1.0,0.0,0.0,0.0
2068.0,0.0,4917.0,0.0,130.0,360.0,1.0,0.0,0.0,0.0,0.0,0.0,1.0
2082.0,0.0,5818.0,2160.0,184.0,360.0,1.0,1.0,0.0,1.0,1.0,0.0,1.0
2086.0,0.0,4333.0,2451.0,110.0,360.0,0.0,1.0,0.0,0.0,0.0,1.0,0.0
2087.0,0.0,2500.0,0.0,67.0,360.0,0.0,0.0,0.0,0.0,0.0,1.0,1.0
2097.0,1.0,4384.0,1793.0,117.0,360.0,1.0,0.0,0.0,0.0,0.0,1.0,1.0
2098.0,0.0,2935.0,0.0,98.0,360.0,1.0,0.0,0.0,0.0,1.0,0.0,1.0
2100.0,0.7068892921960074,2833.0,0.0,71.0,360.0,1.0,0.0,0.0,0.0,0.0,1.0,1.0
2103.0,1.0,9833.0,1833.0,182.0,180.0,0.0,1.0,0.0,1.0,0.0,1.0,1.0
2106.0,0.7068892921960074,5503.0,4490.0,70.0,343.06371835353764,1.0,1.0,0.0,1.0,1.0,0.0,1.0
2110.0,1.0,5250.0,688.0,160.0,360.0,1.0,1.0,0.0,0.0,0.0,0.0,1.0
2112.0,2.0,2500.0,4600.0,176.0,360.0,1.0,1.0,0.0,1.0,0.0,0.0,1.0
2114.0,0.0,4160.0,0.0,71.0,360.0,0.0,0.0,0.0,0.0,1.0,0.0,1.0
2115.0,3.0,2647.0,1587.0,173.0,360.0,1.0,1.0,1.0,0.0,0.0,0.0,0.0
2116.0,0.0,2378.0,0.0,46.0,360.0,0.0,0.0,0.0,0.0,0.0,0.0,0.0
2119.0,1.0,4554.0,1229.0,158.0,360.0,1.0,1.0,1.0,0.0,0.0,1.0,1.0
2126.0,3.0,3173.0,0.0,74.0,360.0,1.0,1.0,1.0,0.0,1.0,0.0,1.0
2128.0,2.0,2583.0,2330.0,125.0,360.0,1.0,1.0,0.0,0.0,0.0,0.0,1.0
2129.0,0.0,2499.0,2458.0,160.0,360.0,1.0,1.0,0.0,0.0,1.0,0.0,1.0
2130.0,0.7068892921960074,3523.0,3230.0,152.0,360.0,1.0,1.0,1.0,0.0,0.0,0.0,0.0
2131.0,2.0,3083.0,2168.0,126.0,360.0,1.0,1.0,1.0,0.0,0.0,1.0,1.0
2137.0,0.0,6333.0,4583.0,259.0,360.0,1.0,1.0,0.0,0.0,1.0,0.0,1.0
2138.0,0.0,2625.0,6250.0,187.0,360.0,1.0,1.0,0.0,0.0,0.0,0.0,1.0
2139.0,0.0,9083.0,0.0,228.0,360.0,1.0,1.0,0.0,0.0,1.0,0.0,1.0
2140.0,0.0,8750.0,4167.0,308.0,360.0,1.0,0.0,0.0,0.0,0.0,0.0,0.0
2141.0,3.0,2666.0,2083.0,95.0,360.0,1.0,1.0,0.0,0.0,0.0,0.0,1.0
2142.0,0.0,5500.0,0.0,105.0,360.0,0.0,1.0,0.0,1.0,0.0,0.0,0.0
2143.0,0.0,2423.0,505.0,130.0,360.0,0.0,1.0,0.0,0.0,1.0,0.0,1.0
2144.0,0.7068892921960074,3813.0,0.0,116.0,180.0,0.0,0.0,0.0,0.0,0.0,1.0,1.0
2149.0,2.0,8333.0,3167.0,165.0,360.0,1.0,1.0,0.0,0.0,0.0,0.0,1.0
2151.0,1.0,3875.0,0.0,67.0,360.0,1.0,1.0,0.0,0.0,0.0,1.0,0.0
2158.0,0.0,3000.0,1666.0,100.0,480.0,1.0,1.0,1.0,0.0,0.0,1.0,0.0
2160.0,3.0,5167.0,3167.0,200.0,360.0,1.0,1.0,0.0,0.0,1.0,0.0,1.0
2161.0,1.0,4723.0,0.0,81.0,360.0,0.0,0.0,0.0,0.0,1.0,0.0,0.0
2170.0,2.0,5000.0,3667.0,236.0,360.0,1.0,1.0,0.0,0.0,1.0,0.0,1.0
2175.0,0.0,4750.0,2333.0,130.0,360.0,1.0,1.0,0.0,0.0,0.0,1.0,1.0
2178.0,0.0,3013.0,3033.0,95.0,300.0,1.0,1.0,0.0,0.0,0.0,1.0,1.0
2180.0,0.0,6822.0,0.0,141.0,360.0,1.0,0.0,0.0,1.0,0.0,0.0,1.0
2181.0,0.0,6216.0,0.0,133.0,360.0,1.0,0.0,1.0,0.0,0.0,0.0,0.0
2187.0,0.0,2500.0,0.0,96.0,480.0,1.0,0.0,0.0,0.0,1.0,0.0,0.0
2188.0,0.0,5124.0,0.0,124.0,343.06371835353764,1.0,0.0,0.0,0.0,0.0,0.0,0.0
2190.0,1.0,6325.0,0.0,175.0,360.0,1.0,1.0,0.0,0.0,1.0,0.0,1.0
2191.0,0.0,19730.0,5266.0,570.0,360.0,1.0,1.0,0.0,0.0,0.0,0.0,0.0
2194.0,0.0,15759.0,0.0,55.0,360.0,0.0,0.0,0.0,1.0,1.0,0.0,1.0
2197.0,2.0,5185.0,0.0,155.0,360.0,1.0,1.0,0.0,0.0,1.0,0.0,1.0
2201.0,2.0,9323.0,7873.0,380.0,300.0,1.0,1.0,0.0,1.0,0.0,0.0,1.0
2205.0,1.0,3062.0,1987.0,111.0,180.0,1.0,0.0,0.0,0.0,0.0,1.0,0.0
2209.0,0.0,2764.0,1459.0,110.0,360.0,0.0,0.0,0.0,0.0,0.0,1.0,1.0
2211.0,0.0,4817.0,923.0,120.0,180.0,1.0,1.0,0.0,0.0,0.0,1.0,1.0
2219.0,3.0,8750.0,4996.0,130.0,360.0,1.0,1.0,0.0,0.0,0.0,0.0,1.0
2223.0,0.0,4310.0,0.0,130.0,360.0,1.0,1.0,0.0,0.0,1.0,0.0,1.0
2224.0,0.0,3069.0,0.0,71.0,480.0,1.0,0.0,0.0,0.0,0.0,1.0,0.0
2225.0,2.0,5391.0,0.0,130.0,360.0,1.0,1.0,0.0,0.0,0.0,1.0,1.0
2226.0,0.0,3333.0,2500.0,128.0,360.0,1.0,1.0,0.0,0.0,1.0,0.0,1.0
2229.0,0.0,5941.0,4232.0,296.0,360.0,1.0,0.0,0.0,0.0,1.0,0.0,1.0
2231.0,0.0,6000.0,0.0,156.0,360.0,0.0,0.0,0.0,0.0,0.0,1.0,1.0
2234.0,0.0,7167.0,0.0,128.0,360.0,1.0,0.0,0.0,1.0,0.0,1.0,1.0
2236.0,2.0,4566.0,0.0,100.0,360.0,1.0,1.0,0.0,0.0,0.0,1.0,0.0
2237.0,1.0,3667.0,0.0,113.0,180.0,1.0,0.0,0.0,0.0,0.0,1.0,1.0
2239.0,0.0,2346.0,1600.0,132.0,360.0,1.0,0.0,1.0,0.0,1.0,0.0,1.0
2244.0,0.0,2333.0,2417.0,136.0,360.0,1.0,1.0,0.0,0.0,0.0,1.0,1.0
2250.0,0.0,5488.0,0.0,125.0,360.0,1.0,1.0,0.0,0.0,0.0,0.0,1.0
2255.0,3.0,9167.0,0.0,185.0,360.0,1.0,0.0,0.0,0.0,0.0,0.0,1.0
2262.0,3.0,9504.0,0.0,275.0,360.0,1.0,1.0,0.0,0.0,0.0,0.0,1.0
2263.0,0.0,2583.0,2115.0,120.0,360.0,1.0,1.0,0.0,0.0,0.0,1.0,1.0
2265.0,2.0,1993.0,1625.0,113.0,180.0,1.0,1.0,1.0,0.0,1.0,0.0,1.0
2266.0,2.0,3100.0,1400.0,113.0,360.0,1.0,1.0,0.0,0.0,0.0,1.0,1.0
2272.0,2.0,3276.0,484.0,135.0,360.0,1.0,1.0,0.0,0.0,1.0,0.0,1.0
2277.0,0.0,3180.0,0.0,71.0,360.0,0.0,0.0,0.0,0.0,0.0,1.0,0.0
2281.0,0.0,3033.0,1459.0,95.0,360.0,1.0,1.0,0.0,0.0,0.0,1.0,1.0
2284.0,0.0,3902.0,1666.0,109.0,360.0,1.0,0.0,1.0,0.0,0.0,0.0,1.0
2287.0,0.0,1500.0,1800.0,103.0,360.0,0.0,0.0,0.0,0.0,1.0,0.0,0.0
2288.0,2.0,2889.0,0.0,45.0,180.0,1.0,1.0,1.0,0.0,0.0,1.0,0.0
2296.0,0.0,2755.0,0.0,65.0,300.0,1.0,0.0,1.0,0.0,0.0,0.0,0.0
2297.0,0.0,2500.0,20000.0,103.0,360.0,1.0,0.0,0.0,0.0,1.0,0.0,1.0
2300.0,0.0,1963.0,0.0,53.0,360.0,0.0,0.0,1.0,0.0,1.0,0.0,1.0
2301.0,0.0,7441.0,0.0,194.0,360.0,0.0,0.0,0.0,1.0,0.0,0.0,0.0
2305.0,0.0,4547.0,0.0,115.0,360.0,0.0,0.0,0.0,0.0,1.0,0.0,1.0
2308.0,0.0,2167.0,2400.0,115.0,360.0,1.0,1.0,1.0,0.0,0.0,1.0,1.0
2314.0,0.0,2213.0,0.0,66.0,360.0,0.0,0.0,1.0,0.0,0.0,0.0,1.0
2315.0,1.0,8300.0,0.0,152.0,300.0,1.0,1.0,0.0,0.0,1.0,0.0,0.0
2318.0,1.0,3867.0,0.0,62.0,360.0,0.0,0.0,1.0,1.0,1.0,0.0,0.0
2319.0,0.0,6256.0,0.0,160.0,360.0,1.0,1.0,0.0,0.0,0.0,1.0,1.0
2328.0,0.0,6096.0,0.0,218.0,360.0,1.0,1.0,1.0,0.0,0.0,0.0,0.0
2332.0,0.0,2253.0,2033.0,110.0,360.0,1.0,1.0,1.0,0.0,0.0,0.0,1.0
2335.0,0.0,2149.0,3237.0,178.0,360.0,0.0,1.0,1.0,0.0,1.0,0.0,0.0
2337.0,0.0,2995.0,0.0,60.0,360.0,0.0,0.0,0.0,0.0,0.0,1.0,1.0
2341.0,1.0,2600.0,0.0,160.0,360.0,0.0,0.0,0.0,0.0,0.0,1.0,0.0
2342.0,2.0,1600.0,20000.0,239.0,360.0,1.0,1.0,0.0,1.0,0.0,1.0,0.0
2345.0,0.0,1025.0,2773.0,112.0,360.0,1.0,1.0,0.0,0.0,0.0,0.0,1.0
2347.0,0.0,3246.0,1417.0,138.0,360.0,1.0,1.0,0.0,0.0,1.0,0.0,1.0
2348.0,0.0,5829.0,0.0,138.0,360.0,1.0,1.0,0.0,0.0,0.0,0.0,1.0
2357.0,0.0,2720.0,0.0,80.0,343.06371835353764,0.0,0.0,1.0,0.0,0.0,1.0,0.0
2361.0,0.0,1820.0,1719.0,100.0,360.0,1.0,1.0,0.0,0.0,0.0,1.0,1.0
2362.0,1.0,7250.0,1667.0,110.0,339.6851716405902,1.0,1.0,0.0,0.0,0.0,1.0,0.0
2364.0,0.0,14880.0,0.0,96.0,360.0,1.0,1.0,0.0,0.0,1.0,0.0,1.0
2366.0,0.0,2666.0,4300.0,121.0,360.0,1.0,1.0,0.0,0.0,0.0,0.0,1.0
2367.0,1.0,4606.0,0.0,81.0,360.0,0.0,0.0,1.0,0.0,0.0,0.0,0.0
2368.0,2.0,5935.0,0.0,133.0,360.0,1.0,1.0,0.0,0.0,1.0,0.0,1.0
2370.0,0.0,2717.0,0.0,60.0,180.0,1.0,0.0,1.0,0.0,0.0,1.0,1.0
2377.0,1.0,8624.0,0.0,150.0,360.0,0.0,0.0,0.0,1.0,1.0,0.0,1.0
2379.0,0.0,6500.0,0.0,105.0,360.0,1.0,0.0,0.0,0.0,0.0,0.0,0.0
2386.0,0.0,12876.0,0.0,405.0,360.0,1.0,0.0,0.0,0.0,1.0,0.0,1.0
2387.0,0.0,2425.0,2340.0,143.0,360.0,1.0,1.0,0.0,0.0,1.0,0.0,1.0
2390.0,0.0,3750.0,0.0,100.0,360.0,1.0,0.0,0.0,0.0,0.0,1.0,1.0
2398.0,0.0,1926.0,1851.0,50.0,360.0,1.0,0.0,0.0,0.0,1.0,0.0,1.0
2403.0,0.0,10416.0,0.0,187.0,360.0,1.0,0.0,0.0,1.0,0.0,1.0,0.0
2407.0,0.0,7142.0,0.0,138.0,360.0,0.0,1.0,1.0,1.0,0.0,0.0,1.0
2408.0,0.0,3660.0,5064.0,187.0,360.0,1.0,0.0,0.0,0.0,1.0,0.0,1.0
2409.0,0.0,7901.0,1833.0,180.0,360.0,1.0,1.0,0.0,0.0,0.0,0.0,1.0
2418.0,3.0,4707.0,1993.0,148.0,360.0,1.0,0.0,1.0,0.0,1.0,0.0,1.0
2424.0,0.0,7333.0,8333.0,175.0,300.0,1.0,1.0,0.0,0.0,0.0,0.0,1.0
2429.0,1.0,3466.0,1210.0,130.0,360.0,1.0,1.0,0.0,1.0,0.0,0.0,1.0
2434.0,2.0,4652.0,0.0,110.0,360.0,1.0,1.0,1.0,0.0,0.0,0.0,1.0
2435.0,0.0,3539.0,1376.0,55.0,360.0,1.0,1.0,0.0,0.0,0.0,0.0,0.0
2443.0,2.0,3340.0,1710.0,150.0,360.0,1.0,1.0,0.0,0.0,0.0,0.0,0.0
2444.0,1.0,2769.0,1542.0,190.0,360.0,1.0,0.0,1.0,1.0,1.0,0.0,0.0
2446.0,2.0,2309.0,1255.0,125.0,360.0,1.0,1.0,1.0,0.0,0.0,0.0,0.0
2447.0,2.0,1958.0,1456.0,60.0,300.0,1.0,1.0,1.0,0.0,0.0,1.0,1.0
2448.0,0.0,3948.0,1733.0,149.0,360.0,1.0,1.0,0.0,0.0,0.0,0.0,0.0
2449.0,0.0,2483.0,2466.0,90.0,180.0,1.0,1.0,0.0,0.0,0.0,0.0,1.0
2453.0,0.0,7085.0,0.0,84.0,360.0,1.0,0.0,0.0,1.0,1.0,0.0,1.0
2455.0,2.0,3859.0,0.0,96.0,360.0,1.0,1.0,0.0,0.0,1.0,0.0,1.0
2459.0,0.0,4301.0,0.0,118.0,360.0,1.0,1.0,0.0,0.0,0.0,1.0,1.0
2467.0,0.0,3708.0,2569.0,173.0,360.0,1.0,1.0,0.0,0.0,0.0,1.0,0.0
2472.0,2.0,4354.0,0.0,136.0,360.0,1.0,0.0,0.0,0.0,0.0,0.0,1.0
2473.0,0.0,8334.0,0.0,160.0,360.0,1.0,1.0,0.0,0.0,1.0,0.0,0.0
2478.0,0.0,2083.0,4083.0,160.0,360.0,0.0,1.0,0.0,1.0,1.0,0.0,1.0
2484.0,3.0,7740.0,0.0,128.0,180.0,1.0,1.0,0.0,0.0,0.0,1.0,1.0
2487.0,0.0,3015.0,2188.0,153.0,360.0,1.0,1.0,0.0,0.0,0.0,0.0,1.0
2489.0,1.0,5191.0,0.0,132.0,360.0,0.0,0.0,1.0,0.0,1.0,0.0,1.0
2493.0,0.0,4166.0,0.0,98.0,360.0,1.0,0.0,0.0,0.0,1.0,0.0,0.0
2494.0,0.0,6000.0,0.0,140.0,360.0,1.0,0.0,0.0,0.0,0.0,0.0,1.0
2500.0,3.0,2947.0,1664.0,70.0,180.0,1.0,1.0,1.0,0.0,0.0,1.0,0.0
2501.0,0.0,16692.0,0.0,110.0,360.0,0.0,1.0,0.0,0.0,1.0,0.0,1.0
2502.0,2.0,210.0,2917.0,98.0,360.0,0.0,1.0,1.0,0.0,1.0,0.0,1.0
2505.0,0.0,4333.0,2451.0,110.0,360.0,1.0,1.0,0.0,0.0,0.0,1.0,0.0
2515.0,1.0,3450.0,2079.0,162.0,360.0,1.0,1.0,0.0,1.0,1.0,0.0,1.0
2517.0,1.0,2653.0,1500.0,113.0,180.0,1.0,1.0,1.0,0.0,0.0,0.0,0.0
2519.0,3.0,4691.0,0.0,100.0,360.0,1.0,1.0,0.0,0.0,1.0,0.0,1.0
2522.0,0.0,2500.0,0.0,93.0,360.0,0.0,0.0,0.0,1.0,0.0,1.0,1.0
2524.0,2.0,5532.0,4648.0,162.0,360.0,1.0,0.0,0.0,0.0,0.0,0.0,1.0
2527.0,2.0,16525.0,1014.0,150.0,360.0,1.0,1.0,0.0,1.0,0.0,0.0,1.0
2529.0,2.0,6700.0,1750.0,230.0,300.0,1.0,1.0,0.0,0.0,1.0,0.0,1.0
2530.0,2.0,2873.0,1872.0,132.0,360.0,0.0,1.0,0.0,0.0,1.0,0.0,0.0
2531.0,1.0,16667.0,2250.0,86.0,360.0,1.0,1.0,0.0,1.0,1.0,0.0,1.0
2534.0,0.0,4350.0,0.0,154.0,360.0,0.0,0.0,1.0,0.0,0.0,0.0,1.0
2536.0,3.0,3095.0,0.0,113.0,360.0,1.0,1.0,1.0,0.0,0.0,0.0,1.0
2537.0,0.0,2083.0,3150.0,128.0,360.0,1.0,1.0,0.0,0.0,1.0,0.0,1.0
2541.0,0.0,10833.0,0.0,234.0,360.0,1.0,1.0,0.0,0.0,1.0,0.0,1.0
2543.0,2.0,8333.0,0.0,246.0,360.0,1.0,1.0,0.0,0.0,1.0,0.0,1.0
2544.0,1.0,1958.0,2436.0,131.0,360.0,1.0,1.0,1.0,0.0,0.0,0.0,1.0
2545.0,2.0,3547.0,0.0,80.0,360.0,1.0,0.0,0.0,0.0,0.0,0.0,0.0
2547.0,1.0,18333.0,0.0,500.0,360.0,1.0,1.0,0.0,0.0,0.0,1.0,0.0
2555.0,2.0,4583.0,2083.0,160.0,360.0,1.0,1.0,0.0,1.0,1.0,0.0,1.0
2556.0,0.0,2435.0,0.0,75.0,360.0,1.0,0.0,0.0,0.0,0.0,1.0,0.0
2560.0,0.0,2699.0,2785.0,96.0,360.0,1.0,0.0,1.0,0.0,1.0,0.0,1.0
2562.0,1.0,5333.0,1131.0,186.0,360.0,1.0,1.0,1.0,0.0,0.0,1.0,1.0
2571.0,0.0,3691.0,0.0,110.0,360.0,1.0,0.0,1.0,0.0,0.0,0.0,1.0
2582.0,0.0,17263.0,0.0,225.0,360.0,0.0,0.0,1.0,1.0,1.0,0.0,1.0
2585.0,0.0,3597.0,2157.0,119.0,360.0,1.0,1.0,0.0,0.0,0.0,0.0,0.0
2586.0,1.0,3326.0,913.0,105.0,84.0,0.0,1.0,0.0,0.0,1.0,0.0,1.0
2587.0,0.0,2600.0,1700.0,107.0,360.0,1.0,1.0,1.0,0.0,0.0,0.0,1.0
2588.0,0.0,4625.0,2857.0,111.0,12.0,1.0,1.0,0.0,0.0,0.0,1.0,1.0
2600.0,1.0,2895.0,0.0,95.0,360.0,1.0,1.0,0.0,1.0,1.0,0.0,1.0
2602.0,0.0,6283.0,4416.0,209.0,360.0,1.0,0.0,0.0,0.0,0.0,0.0,0.0
2603.0,0.0,645.0,3683.0,113.0,480.0,0.0,0.0,0.0,0.0,0.0,0.0,1.0
2606.0,0.0,3159.0,0.0,100.0,360.0,0.0,0.0,0.0,0.0,1.0,0.0,1.0
2615.0,2.0,4865.0,5624.0,208.0,360.0,1.0,1.0,0.0,0.0,1.0,0.0,1.0
2618.0,1.0,4050.0,5302.0,138.0,360.0,1.0,1.0,1.0,0.0,0.0,0.0,0.0
2619.0,0.0,3814.0,1483.0,124.0,300.0,1.0,1.0,1.0,0.0,1.0,0.0,1.0
2622.0,2.0,3510.0,4416.0,243.0,360.0,1.0,1.0,0.0,0.0,0.0,0.0,1.0
2624.0,0.0,20833.0,6667.0,480.0,360.0,1.0,1.0,0.0,0.0,0.0,1.0,1.0
2625.0,0.0,3583.0,0.0,96.0,360.0,0.0,0.0,0.0,0.0,0.0,1.0,0.0
2626.0,0.0,2479.0,3013.0,188.0,360.0,1.0,1.0,0.0,1.0,0.0,1.0,1.0
2634.0,1.0,13262.0,0.0,40.0,360.0,0.0,0.0,0.0,0.0,0.0,1.0,1.0
2637.0,0.0,3598.0,1287.0,100.0,360.0,1.0,0.0,1.0,0.0,0.0,0.0,0.0
2640.0,1.0,6065.0,2004.0,250.0,360.0,1.0,1.0,0.0,0.0,1.0,0.0,1.0
2643.0,2.0,3283.0,2035.0,148.0,360.0,1.0,1.0,0.0,0.0,0.0,1.0,1.0
2648.0,0.0,2130.0,6666.0,70.0,180.0,1.0,1.0,0.0,0.0,1.0,0.0,0.0
2652.0,0.0,5815.0,3666.0,311.0,360.0,1.0,0.0,0.0,0.0,0.0,0.0,0.0
2659.0,3.0,3466.0,3428.0,150.0,360.0,1.0,1.0,0.0,0.0,0.0,0.0,1.0
2670.0,2.0,2031.0,1632.0,113.0,480.0,0.0,1.0,0.0,0.0,1.0,0.0,1.0
2682.0,0.7068892921960074,3074.0,1800.0,123.0,360.0,1.0,1.0,1.0,0.0,1.0,0.0,0.0
2683.0,0.0,4683.0,1915.0,185.0,360.0,1.0,0.0,0.0,0.0,1.0,0.0,0.0
2684.0,0.0,3400.0,0.0,95.0,360.0,0.0,0.0,1.0,0.0,0.0,0.0,0.0
2689.0,2.0,2192.0,1742.0,45.0,360.0,1.0,1.0,1.0,0.0,1.0,0.0,1.0
2690.0,0.0,2500.0,0.0,55.0,360.0,1.0,0.0,0.0,0.0,1.0,0.0,1.0
2692.0,3.0,5677.0,1424.0,100.0,360.0,1.0,1.0,0.0,1.0,0.0,0.0,1.0
2693.0,2.0,7948.0,7166.0,480.0,360.0,1.0,1.0,0.0,1.0,0.0,0.0,1.0
2699.0,2.0,17500.0,0.0,400.0,360.0,1.0,1.0,0.0,1.0,0.0,0.0,1.0
2705.0,0.0,3775.0,0.0,110.0,360.0,1.0,1.0,0.0,0.0,1.0,0.0,1.0
2706.0,1.0,5285.0,1430.0,161.0,360.0,1.0,1.0,1.0,0.0,1.0,0.0,1.0
2714.0,1.0,2679.0,1302.0,94.0,360.0,1.0,0.0,1.0,0.0,1.0,0.0,1.0
2716.0,0.0,6783.0,0.0,130.0,360.0,1.0,0.0,1.0,0.0,1.0,0.0,1.0
2717.0,0.0,1025.0,5500.0,216.0,360.0,1.0,1.0,0.0,0.0,0.0,0.0,1.0
2720.0,3.0,4281.0,0.0,100.0,360.0,1.0,1.0,0.0,0.0,0.0,1.0,1.0
2723.0,2.0,3588.0,0.0,110.0,360.0,1.0,0.0,0.0,0.0,0.0,0.0,0.0
2729.0,1.0,11250.0,0.0,196.0,360.0,1.0,0.0,0.0,0.0,1.0,0.0,0.0
2731.0,0.0,18165.0,0.0,125.0,360.0,0.0,0.0,1.0,1.0,0.0,1.0,1.0
2732.0,0.0,2550.0,2042.0,126.0,360.0,1.0,0.0,1.0,0.0,0.0,0.0,1.0
2734.0,0.0,6133.0,3906.0,324.0,360.0,1.0,1.0,0.0,0.0,0.0,1.0,1.0
2738.0,2.0,3617.0,0.0,107.0,360.0,1.0,0.0,0.0,0.0,1.0,0.0,1.0
2739.0,0.0,2917.0,536.0,66.0,360.0,1.0,1.0,1.0,0.0,0.0,0.0,0.0
2740.0,3.0,6417.0,0.0,157.0,180.0,1.0,1.0,0.0,0.0,0.0,0.0,1.0
2741.0,1.0,4608.0,2845.0,140.0,180.0,0.0,1.0,0.0,0.0,1.0,0.0,1.0
2743.0,0.0,2138.0,0.0,99.0,360.0,0.0,0.0,0.0,0.0,1.0,0.0,0.0
2753.0,1.0,3652.0,0.0,95.0,360.0,0.0,0.0,0.0,0.0,1.0,0.0,1.0
2755.0,1.0,2239.0,2524.0,128.0,360.0,1.0,1.0,1.0,0.0,0.0,1.0,1.0
2757.0,0.0,3017.0,663.0,102.0,360.0,0.0,1.0,1.0,0.0,1.0,0.0,1.0
2767.0,0.0,2768.0,1950.0,155.0,360.0,1.0,1.0,0.0,0.0,0.0,0.0,1.0
2768.0,0.0,3358.0,0.0,80.0,36.0,1.0,0.0,1.0,0.0,1.0,0.0,0.0
2772.0,0.0,2526.0,1783.0,145.0,360.0,1.0,0.0,0.0,0.0,0.0,0.0,1.0
2776.0,0.0,5000.0,0.0,103.0,360.0,0.0,0.0,0.0,0.0,1.0,0.0,0.0
2777.0,0.0,2785.0,2016.0,110.0,360.0,1.0,1.0,0.0,0.0,0.0,0.0,1.0
2785.0,1.0,3333.0,3250.0,158.0,360.0,1.0,1.0,0.0,0.0,0.0,1.0,1.0
2788.0,0.0,2454.0,2333.0,181.0,360.0,1.0,1.0,1.0,0.0,0.0,1.0,0.0
2789.0,0.0,3593.0,4266.0,132.0,180.0,1.0,1.0,0.0,0.0,0.0,0.0,0.0
2792.0,1.0,5468.0,1032.0,26.0,360.0,1.0,1.0,0.0,0.0,1.0,0.0,1.0
2794.0,0.0,2667.0,1625.0,84.0,360.0,0.0,0.0,0.0,0.0,0.0,1.0,1.0
2795.0,3.0,10139.0,0.0,260.0,360.0,1.0,1.0,0.0,1.0,1.0,0.0,1.0
2798.0,0.0,3887.0,2669.0,162.0,360.0,1.0,1.0,0.0,0.0,1.0,0.0,1.0
2804.0,0.0,4180.0,2306.0,182.0,360.0,0.0,1.0,0.0,0.0,1.0,0.0,1.0
2807.0,2.0,3675.0,242.0,108.0,360.0,1.0,1.0,1.0,0.0,1.0,0.0,1.0
2813.0,1.0,19484.0,0.0,600.0,360.0,0.0,1.0,0.0,1.0,1.0,0.0,1.0
2820.0,0.0,5923.0,2054.0,211.0,360.0,1.0,1.0,0.0,0.0,0.0,0.0,1.0
2821.0,0.0,5800.0,0.0,132.0,360.0,1.0,0.0,1.0,1.0,1.0,0.0,1.0
2832.0,2.0,8799.0,0.0,258.0,360.0,1.0,1.0,0.0,0.0,0.0,1.0,0.0
2833.0,0.0,4467.0,0.0,120.0,360.0,1.0,1.0,1.0,0.0,0.0,0.0,1.0
2836.0,0.0,3333.0,0.0,70.0,360.0,1.0,0.0,0.0,0.0,0.0,1.0,1.0
2837.0,3.0,3400.0,2500.0,123.0,360.0,1.0,1.0,0.0,0.0,0.0,0.0,0.0
2840.0,0.0,2378.0,0.0,9.0,360.0,0.0,0.0,0.0,0.0,0.0,1.0,0.0
2841.0,0.0,3166.0,2064.0,104.0,360.0,1.0,1.0,0.0,0.0,0.0,1.0,0.0
2842.0,1.0,3417.0,1750.0,186.0,360.0,1.0,1.0,0.0,0.0,0.0,1.0,1.0
2847.0,0.7068892921960074,5116.0,1451.0,165.0,360.0,1.0,1.0,0.0,0.0,0.0,1.0,0.0
2855.0,2.0,16666.0,0.0,275.0,360.0,1.0,1.0,0.0,0.0,0.0,1.0,1.0
2862.0,2.0,6125.0,1625.0,187.0,480.0,1.0,1.0,1.0,0.0,1.0,0.0,0.0
2863.0,3.0,6406.0,0.0,150.0,360.0,1.0,1.0,0.0,0.0,1.0,0.0,0.0
2868.0,2.0,3159.0,461.0,108.0,84.0,1.0,1.0,0.0,0.0,0.0,1.0,1.0
2872.0,0.0,3087.0,2210.0,136.0,360.0,0.0,1.0,0.0,0.0,1.0,0.0,0.0
2874.0,0.0,3229.0,2739.0,110.0,360.0,1.0,0.0,0.0,0.0,0.0,1.0,1.0
2877.0,1.0,1782.0,2232.0,107.0,360.0,1.0,1.0,0.0,0.0,0.0,0.0,1.0
2888.0,0.0,3182.0,2917.0,161.0,360.0,1.0,0.0,0.0,0.0,0.0,1.0,1.0
2892.0,2.0,6540.0,0.0,205.0,360.0,1.0,1.0,0.0,0.0,1.0,0.0,1.0
2893.0,0.0,1836.0,33837.0,90.0,360.0,1.0,0.0,0.0,0.0,0.0,1.0,0.0
2894.0,0.0,3166.0,0.0,36.0,360.0,0.0,1.0,0.0,0.0,1.0,0.0,1.0
2898.0,1.0,1880.0,0.0,61.0,360.0,1.0,1.0,0.0,0.0,0.0,0.0,0.0
2911.0,1.0,2787.0,1917.0,146.0,360.0,1.0,1.0,0.0,0.0,0.0,0.0,0.0
2912.0,1.0,4283.0,3000.0,172.0,84.0,1.0,1.0,0.0,0.0,0.0,0.0,0.0
2916.0,0.0,2297.0,1522.0,104.0,360.0,1.0,1.0,0.0,0.0,0.0,1.0,1.0
2917.0,0.0,2165.0,0.0,70.0,360.0,0.0,0.0,1.0,0.0,1.0,0.0,1.0
2925.0,0.0,4750.0,0.0,94.0,360.0,0.0,0.0,0.0,0.0,1.0,0.0,1.0
2926.0,2.0,2726.0,0.0,106.0,360.0,1.0,1.0,0.0,1.0,1.0,0.0,0.0
2928.0,0.0,3000.0,3416.0,56.0,180.0,1.0,1.0,0.0,0.0,1.0,0.0,1.0
2931.0,2.0,6000.0,0.0,205.0,240.0,1.0,1.0,0.0,1.0,1.0,0.0,0.0
2933.0,3.0,9357.0,0.0,292.0,360.0,0.0,0.0,0.0,1.0,1.0,0.0,1.0
2936.0,0.0,3859.0,3300.0,142.0,180.0,1.0,1.0,0.0,0.0,0.0,0.0,1.0
2938.0,0.0,16120.0,0.0,260.0,360.0,1.0,1.0,0.0,1.0,0.0,1.0,1.0
2940.0,0.0,3833.0,0.0,110.0,360.0,1.0,0.0,1.0,0.0,0.0,0.0,1.0
2941.0,2.0,6383.0,1000.0,187.0,360.0,1.0,1.0,1.0,1.0,0.0,0.0,0.0
2943.0,0.7068892921960074,2987.0,0.0,88.0,360.0,1.0,0.0,0.0,0.0,1.0,0.0,0.0
2945.0,0.0,9963.0,0.0,180.0,360.0,1.0,1.0,0.0,1.0,0.0,0.0,1.0
2948.0,2.0,5780.0,0.0,192.0,360.0,1.0,1.0,0.0,0.0,0.0,1.0,1.0
2949.0,3.0,416.0,41667.0,350.0,180.0,0.0,0.0,0.0,0.0,0.0,1.0,0.0
2950.0,0.0,2894.0,2792.0,155.0,360.0,1.0,1.0,1.0,0.0,0.0,0.0,1.0
2953.0,3.0,5703.0,0.0,128.0,360.0,1.0,1.0,0.0,0.0,0.0,1.0,1.0
2958.0,0.0,3676.0,4301.0,172.0,360.0,1.0,0.0,0.0,0.0,0.0,0.0,1.0
2959.0,1.0,12000.0,0.0,496.0,360.0,0.0,1.0,0.0,0.0,1.0,0.0,1.0
2961.0,1.0,3400.0,2500.0,173.0,360.0,1.0,1.0,0.0,0.0,1.0,0.0,1.0
2964.0,2.0,3987.0,1411.0,157.0,360.0,1.0,1.0,1.0,0.0,0.0,0.0,1.0
2974.0,0.0,3232.0,1950.0,108.0,360.0,1.0,1.0,0.0,0.0,0.0,0.0,1.0
2978.0,0.0,2900.0,0.0,71.0,360.0,0.0,0.0,0.0,0.0,0.0,0.0,1.0
2979.0,3.0,4106.0,0.0,40.0,180.0,1.0,1.0,0.0,0.0,0.0,0.0,1.0
2983.0,1.0,8072.0,240.0,253.0,360.0,1.0,1.0,0.0,0.0,0.0,1.0,1.0
2984.0,2.0,7583.0,0.0,187.0,360.0,1.0,1.0,0.0,0.0,0.0,1.0,1.0
2990.0,0.0,4583.0,0.0,133.0,360.0,0.0,0.0,0.0,1.0,1.0,0.0,0.0
